initial_lat,initial_lon,final_lat,final_lon
-27.64403250770112,-52.25727085906357,-27.12558801270384,-52.65037580857723
