region_id,value
Eastern,153.40467999999998
East Midlands,37.68076
London,553.9617199999999
North East,98.14168
North West,330.08196
Scotland,203.19728
South East,387.95536
South West,52.58915999999999
Wales,63.40828
West Midlands,243.05268
Yorkshire and The Humber,52.54964
